type,count,method,ms,time_relative_to_Array_sort
int/random,16,Array.sort/typed-call,0.000179,1.000
int/random,16,Array.sort/generic-wrapper,0.000178,0.997
int/random,16,ResizeArray.sort,0.000073,0.407
int/random,16,ResizeArray.sortTyped,0.000051,0.284
float/random,16,Array.sort/typed-call,0.000084,1.000
float/random,16,Array.sort/generic-wrapper,0.000083,0.993
float/random,16,ResizeArray.sort,0.000066,0.792
float/random,16,ResizeArray.sortTyped,0.000057,0.678
int/random,1024,Array.sort/typed-call,0.005433,1.000
int/random,1024,Array.sort/generic-wrapper,0.005381,0.991
int/random,1024,ResizeArray.sort,0.010213,1.880
int/random,1024,ResizeArray.sortTyped,0.005430,1.000
float/random,1024,Array.sort/typed-call,0.006399,1.000
float/random,1024,Array.sort/generic-wrapper,0.006411,1.002
float/random,1024,ResizeArray.sort,0.009375,1.465
float/random,1024,ResizeArray.sortTyped,0.006644,1.038
int/random,10000,Array.sort/typed-call,0.348948,1.000
int/random,10000,Array.sort/generic-wrapper,0.345816,0.991
int/random,10000,ResizeArray.sort,0.427900,1.226
int/random,10000,ResizeArray.sortTyped,0.347346,0.995
float/random,10000,Array.sort/typed-call,0.361246,1.000
float/random,10000,Array.sort/generic-wrapper,0.369139,1.022
float/random,10000,ResizeArray.sort,0.403722,1.118
float/random,10000,ResizeArray.sortTyped,0.368684,1.021
string/random,10000,Array.sort/typed-call,1.058381,1.000
string/random,10000,Array.sort/generic-wrapper,1.084458,1.025
string/random,10000,ResizeArray.sort,1.071114,1.012
