type,count,method,ms,speedup_vs_generic
int/random,16,generic,0.000540,1.000
int/random,16,sortWith,0.000498,1.083
int/random,16,directTyped,0.000401,1.344
int/random,16,specialized,0.000383,1.408
float/random,16,generic,0.000538,1.000
float/random,16,sortWith,0.000518,1.039
float/random,16,directTyped,0.000421,1.278
float/random,16,specialized,0.000509,1.057
int/random,1024,generic,0.121222,1.000
int/random,1024,sortWith,0.124078,0.977
int/random,1024,directTyped,0.100681,1.204
int/random,1024,specialized,0.096466,1.257
float/random,1024,generic,0.128414,1.000
float/random,1024,sortWith,0.124303,1.033
float/random,1024,directTyped,0.103878,1.236
float/random,1024,specialized,0.125901,1.020
int/random,10000,generic,1.593223,1.000
int/random,10000,sortWith,1.682873,0.947
int/random,10000,directTyped,1.384688,1.151
int/random,10000,specialized,1.381389,1.153
float/random,10000,generic,1.739033,1.000
float/random,10000,sortWith,1.731620,1.004
float/random,10000,directTyped,1.459806,1.191
float/random,10000,specialized,1.753289,0.992
float/10pct-NaN,10000,generic,1.632897,1.000
float/10pct-NaN,10000,sortWith,1.620175,1.008
float/10pct-NaN,10000,directTyped,1.334609,1.224
float/10pct-NaN,10000,specialized,1.636962,0.998
