type,count,fable_generic_ms,native_js_ms,fable_typed_ms,native_speedup,typed_speedup
int/random,16,0.000453,0.000348,0.000400,1.300,1.132
float/random,16,0.000539,0.000483,0.000510,1.117,1.058
string/random,16,0.001060,0.000373,0.000839,2.844,1.264
int/random,1024,0.145729,0.096825,0.127838,1.505,1.140
float/random,1024,0.189153,0.131292,0.135600,1.441,1.395
string/random,1024,0.261384,0.113036,0.222214,2.312,1.176
int/random,10000,1.886078,1.392158,1.710455,1.355,1.103
float/random,10000,2.664522,1.944516,2.021019,1.370,1.318
string/random,10000,3.538691,1.713452,3.006475,2.065,1.177
