type,count,compare_ms,fast_ms,speedup,compare_bytes,fast_bytes
int/random,16,0.001639,0.000105,15.561,3208,184
float/random,16,0.001901,0.000128,14.869,3272,248
string/random,16,0.000520,0.000239,2.178,248,248
tuple/random,16,0.002715,0.002616,1.038,3704,3704
record/random,16,0.000932,0.000802,1.162,248,248
int/random,1024,0.306913,0.021120,14.532,520408,4216
float/random,1024,0.339106,0.030681,11.053,524504,8312
string/random,1024,0.121244,0.059185,2.049,8312,8312
tuple/random,1024,0.439852,0.430039,1.023,550280,550280
record/random,1024,0.162342,0.150865,1.076,8312,8312
int/random,10000,4.370394,0.507877,8.605,7387528,40120
float/random,10000,4.801281,0.529945,9.060,7427528,80120
string/random,10000,1.856506,1.133887,1.637,80120,80120
tuple/random,10000,6.004075,5.850194,1.026,7310456,7310456
record/random,10000,2.372653,2.221888,1.068,80120,80120
int/sorted,10000,2.696938,0.168171,16.037,5271448,40120
int/reversed,10000,4.536138,0.281249,16.129,8750488,40120
int/equal,10000,2.686437,0.168577,15.936,5245144,40120
